formation_date,group,t,CAR
1998-01-31,Winner,1,0.02093724691774767
1998-01-31,Loser,1,0.004379788402139151
1998-01-31,Winner,2,-0.01812966338647442
1998-01-31,Loser,2,0.004659353616537339
1998-01-31,Winner,3,-0.028012135754049747
1998-01-31,Loser,3,0.034710432395091764
1998-01-31,Winner,4,-0.05984436766278468
1998-01-31,Loser,4,0.039468714632171824
1998-01-31,Winner,5,-0.039415360110888684
1998-01-31,Loser,5,0.02104167653139555
1998-01-31,Winner,6,-0.017762941091282358
1998-01-31,Loser,6,0.012952186886746752
1998-01-31,Winner,7,-0.08148455274722675
1998-01-31,Loser,7,0.017497541073181154
1998-01-31,Winner,8,-0.047277086455828995
1998-01-31,Loser,8,0.07283028003994765
1998-01-31,Winner,9,-0.02385659480193383
1998-01-31,Loser,9,0.020165618414774888
1998-01-31,Winner,10,0.036300677914085824
1998-01-31,Loser,10,-0.012476488433689946
1998-01-31,Winner,11,0.07364851023601085
1998-01-31,Loser,11,-0.0400609666870803
1998-01-31,Winner,12,0.10545090753715035
1998-01-31,Loser,12,-0.004162429950876663
1998-01-31,Winner,13,0.07533985329840456
1998-01-31,Loser,13,-0.021234751893706823
1998-01-31,Winner,14,0.10545501625703516
1998-01-31,Loser,14,-0.04483236776405141
1998-01-31,Winner,15,0.06377664507785641
1998-01-31,Loser,15,-0.06500214107855465
1998-01-31,Winner,16,0.07967359457643984
1998-01-31,Loser,16,-0.04281833644224924
1998-01-31,Winner,17,0.12978557572320504
1998-01-31,Loser,17,-0.04291528691515344
1998-01-31,Winner,18,0.14591661120018656
1998-01-31,Loser,18,-0.015035094012854123
1998-01-31,Winner,19,0.1810500859460611
1998-01-31,Loser,19,-0.02812140300643813
1998-01-31,Winner,20,0.16322219547013508
1998-01-31,Loser,20,-0.022592042540822758
1998-01-31,Winner,21,0.18786944563429228
1998-01-31,Loser,21,-0.029875668388602797
1998-01-31,Winner,22,0.21522750110997782
1998-01-31,Loser,22,-0.0015066714275543144
1998-01-31,Winner,23,0.2985498906900299
1998-01-31,Loser,23,-0.016889125042395425
1998-01-31,Winner,24,0.3638456251194662
1998-01-31,Loser,24,-0.01037132911085219
1998-01-31,Winner,25,0.47622519451562606
1998-01-31,Loser,25,0.005632462222815702
1998-01-31,Winner,26,0.4912640184735274
1998-01-31,Loser,26,-0.015752385868302177
1998-01-31,Winner,27,0.42875075589153705
1998-01-31,Loser,27,-0.009160212279499943
1998-01-31,Winner,28,0.38966419555871257
1998-01-31,Loser,28,-0.050006794517010664
1998-01-31,Winner,29,0.5033052683952964
1998-01-31,Loser,29,-0.07521149800006283
1998-01-31,Winner,30,0.498098074806299
1998-01-31,Loser,30,-0.0708165165958549
1998-01-31,Winner,31,0.5125700397211536
1998-01-31,Loser,31,-0.06152514769925839
1998-01-31,Winner,32,0.5032729855994755
1998-01-31,Loser,32,-0.09691505666805876
1998-01-31,Winner,33,0.4962796068420515
1998-01-31,Loser,33,-0.12122003332352406
1998-01-31,Winner,34,0.42175042770679083
1998-01-31,Loser,34,-0.08692032257765057
1998-01-31,Winner,35,0.38668086475834695
1998-01-31,Loser,35,-0.07456365140668188
1998-01-31,Winner,36,0.40888649610326944
1998-01-31,Loser,36,-0.07069109206249506
2001-01-31,Winner,1,-0.16078901011077246
2001-01-31,Loser,1,0.06361741016850497
2001-01-31,Winner,2,-0.22952359847313875
2001-01-31,Loser,2,0.06605779529103675
2001-01-31,Winner,3,-0.07987199439694705
2001-01-31,Loser,3,0.007656504484616996
2001-01-31,Winner,4,-0.11545971527012616
2001-01-31,Loser,4,0.05963126561251633
2001-01-31,Winner,5,-0.08373117927682387
2001-01-31,Loser,5,0.05890911199180995
2001-01-31,Winner,6,-0.12003654647000749
2001-01-31,Loser,6,0.11257941044104763
2001-01-31,Winner,7,-0.18978939862472896
2001-01-31,Loser,7,0.15653326406665655
2001-01-31,Winner,8,-0.2964108343574152
2001-01-31,Loser,8,0.2037696612955075
2001-01-31,Winner,9,-0.20787344544219785
2001-01-31,Loser,9,0.19207701737035615
2001-01-31,Winner,10,-0.14395476721652772
2001-01-31,Loser,10,0.13605132549143617
2001-01-31,Winner,11,-0.1596753378838924
2001-01-31,Loser,11,0.13075038433428968
2001-01-31,Winner,12,-0.20274393453785966
2001-01-31,Loser,12,0.1923146630136825
2001-01-31,Winner,13,-0.29316367743086325
2001-01-31,Loser,13,0.2182028912331737
2001-01-31,Winner,14,-0.2517738284184032
2001-01-31,Loser,14,0.21752567138891168
2001-01-31,Winner,15,-0.360081434248909
2001-01-31,Loser,15,0.25951516325892177
2001-01-31,Winner,16,-0.41559712116485237
2001-01-31,Loser,16,0.2789185496381918
2001-01-31,Winner,17,-0.4792060338674479
2001-01-31,Loser,17,0.3221647799894416
2001-01-31,Winner,18,-0.5192751988372651
2001-01-31,Loser,18,0.32131169859346387
2001-01-31,Winner,19,-0.5311341412177306
2001-01-31,Loser,19,0.31361340706307334
2001-01-31,Winner,20,-0.5611125690906927
2001-01-31,Loser,20,0.3543433330007345
2001-01-31,Winner,21,-0.4384808297114638
2001-01-31,Loser,21,0.2800686927561949
2001-01-31,Winner,22,-0.3022834923410807
2001-01-31,Loser,22,0.23402187037599778
2001-01-31,Winner,23,-0.41202418996405726
2001-01-31,Loser,23,0.2841098287327682
2001-01-31,Winner,24,-0.3926834309913835
2001-01-31,Loser,24,0.294820271903215
2001-01-31,Winner,25,-0.3735587671497214
2001-01-31,Loser,25,0.2756736066677239
2001-01-31,Winner,26,-0.4008516672891417
2001-01-31,Loser,26,0.2617191951174103
2001-01-31,Winner,27,-0.410661495046914
2001-01-31,Loser,27,0.24835515139836334
2001-01-31,Winner,28,-0.30403408054813746
2001-01-31,Loser,28,0.20309080310932331
2001-01-31,Winner,29,-0.3198500350755208
2001-01-31,Loser,29,0.1795400687410737
2001-01-31,Winner,30,-0.31254879363353416
2001-01-31,Loser,30,0.21746215679415706
2001-01-31,Winner,31,-0.26360502394196683
2001-01-31,Loser,31,0.2329513180002531
2001-01-31,Winner,32,-0.27554477292815843
2001-01-31,Loser,32,0.2405328484931972
2001-01-31,Winner,33,-0.24555509110468715
2001-01-31,Loser,33,0.24010336703375004
2001-01-31,Winner,34,-0.2624722555485429
2001-01-31,Loser,34,0.2526016382853918
2001-01-31,Winner,35,-0.28908935838139155
2001-01-31,Loser,35,0.271348155834173
2001-01-31,Winner,36,-0.24986256411514735
2001-01-31,Loser,36,0.25314849148266344
2004-01-31,Winner,1,0.021183030290715152
2004-01-31,Loser,1,-0.02419599989254112
2004-01-31,Winner,2,0.03409443122760073
2004-01-31,Loser,2,-0.05280624322603765
2004-01-31,Winner,3,-0.019054131694292178
2004-01-31,Loser,3,-0.049807357708793035
2004-01-31,Winner,4,0.012879874028743993
2004-01-31,Loser,4,-0.06612991015606645
2004-01-31,Winner,5,0.013771829147720191
2004-01-31,Loser,5,-0.06409761495106199
2004-01-31,Winner,6,0.01720043493001148
2004-01-31,Loser,6,-0.09175299811064574
2004-01-31,Winner,7,0.019061594602313447
2004-01-31,Loser,7,-0.0983694725595701
2004-01-31,Winner,8,0.045902646624036814
2004-01-31,Loser,8,-0.11510452097000153
2004-01-31,Winner,9,0.04884995292725074
2004-01-31,Loser,9,-0.1190552446380187
2004-01-31,Winner,10,0.05457960130049928
2004-01-31,Loser,10,-0.13300157097831286
2004-01-31,Winner,11,0.07184902683256579
2004-01-31,Loser,11,-0.12987488659878457
2004-01-31,Winner,12,0.04751296251306582
2004-01-31,Loser,12,-0.14613216619678907
2004-01-31,Winner,13,0.06850302631970867
2004-01-31,Loser,13,-0.15430058884627107
2004-01-31,Winner,14,0.05553625304812852
2004-01-31,Loser,14,-0.17353779023690524
2004-01-31,Winner,15,0.007416511516083831
2004-01-31,Loser,15,-0.16349385482596765
2004-01-31,Winner,16,0.05003382185723329
2004-01-31,Loser,16,-0.16699972978401614
2004-01-31,Winner,17,0.046585022678092364
2004-01-31,Loser,17,-0.17501534576503186
2004-01-31,Winner,18,0.09672531347048394
2004-01-31,Loser,18,-0.17545318396320408
2004-01-31,Winner,19,0.06898244729989894
2004-01-31,Loser,19,-0.18126498619196985
2004-01-31,Winner,20,0.070330056052397
2004-01-31,Loser,20,-0.18465047807385365
2004-01-31,Winner,21,0.05674747166846036
2004-01-31,Loser,21,-0.18838126849041437
2004-01-31,Winner,22,0.0988986748317973
2004-01-31,Loser,22,-0.21108487476869364
2004-01-31,Winner,23,0.11358732776263196
2004-01-31,Loser,23,-0.21455592283257208
2004-01-31,Winner,24,0.13040922693807577
2004-01-31,Loser,24,-0.22919967791468604
2004-01-31,Winner,25,0.11608746445640124
2004-01-31,Loser,25,-0.20793791965357422
2004-01-31,Winner,26,0.14201450514706918
2004-01-31,Loser,26,-0.2122064376675596
2004-01-31,Winner,27,0.13927039342614356
2004-01-31,Loser,27,-0.23094054709454456
2004-01-31,Winner,28,0.0966598561033244
2004-01-31,Loser,28,-0.22776035036551848
2004-01-31,Winner,29,0.09443746052801069
2004-01-31,Loser,29,-0.21284879769730602
2004-01-31,Winner,30,0.060537835824529415
2004-01-31,Loser,30,-0.1977772063517563
2004-01-31,Winner,31,0.06329847177693446
2004-01-31,Loser,31,-0.1799484012287162
2004-01-31,Winner,32,0.1002888174081273
2004-01-31,Loser,32,-0.18776261299288813
2004-01-31,Winner,33,0.10835189838633892
2004-01-31,Loser,33,-0.2036092478266439
2004-01-31,Winner,34,0.12348207220835733
2004-01-31,Loser,34,-0.21767255280593367
2004-01-31,Winner,35,0.1216706910544052
2004-01-31,Loser,35,-0.20383239829422597
2004-01-31,Winner,36,0.12793859413499806
2004-01-31,Loser,36,-0.20262460557623865
2007-01-31,Winner,1,-0.002200283013979925
2007-01-31,Loser,1,0.006675262908625743
2007-01-31,Winner,2,0.012682921910461465
2007-01-31,Loser,2,-0.00972244504887836
2007-01-31,Winner,3,0.01749743921298305
2007-01-31,Loser,3,0.004572451805396614
2007-01-31,Winner,4,0.02620404446399332
2007-01-31,Loser,4,0.0010903632524201317
2007-01-31,Winner,5,0.04951719876674451
2007-01-31,Loser,5,0.012976391547285263
2007-01-31,Winner,6,0.0773427189165252
2007-01-31,Loser,6,0.013157170332648807
2007-01-31,Winner,7,0.07005790970322155
2007-01-31,Loser,7,0.0013040567820071273
2007-01-31,Winner,8,0.10325570790008683
2007-01-31,Loser,8,-0.02055741423665582
2007-01-31,Winner,9,0.15554661045718973
2007-01-31,Loser,9,-0.04863372763325669
2007-01-31,Winner,10,0.12431998380747576
2007-01-31,Loser,10,-0.06972953366325911
2007-01-31,Winner,11,0.14070781434805707
2007-01-31,Loser,11,-0.0993178971237744
2007-01-31,Winner,12,0.08284911501982577
2007-01-31,Loser,12,-0.08583384053199299
2007-01-31,Winner,13,0.10261363733956164
2007-01-31,Loser,13,-0.08342125906576195
2007-01-31,Winner,14,0.09357154054245581
2007-01-31,Loser,14,-0.09214138545762994
2007-01-31,Winner,15,0.12060752614984671
2007-01-31,Loser,15,-0.08510769808357632
2007-01-31,Winner,16,0.15439774010059332
2007-01-31,Loser,16,-0.08192159134072882
2007-01-31,Winner,17,0.16933256336247726
2007-01-31,Loser,17,-0.09782049652075592
2007-01-31,Winner,18,0.09823393959534106
2007-01-31,Loser,18,-0.07547942958845694
2007-01-31,Winner,19,0.10739571727439652
2007-01-31,Loser,19,-0.0980962987823431
2007-01-31,Winner,20,0.05094247518761661
2007-01-31,Loser,20,-0.11788102957697834
2007-01-31,Winner,21,0.04107455248747457
2007-01-31,Loser,21,-0.11354306645267712
2007-01-31,Winner,22,-0.006538106824622804
2007-01-31,Loser,22,-0.1273252098072301
2007-01-31,Winner,23,0.03834918065328634
2007-01-31,Loser,23,-0.15944012473179275
2007-01-31,Winner,24,0.05535292858139767
2007-01-31,Loser,24,-0.13055950064320973
2007-01-31,Winner,25,0.0370205982643975
2007-01-31,Loser,25,-0.12063246209056709
2007-01-31,Winner,26,0.028618203840575687
2007-01-31,Loser,26,-0.031228062891339618
2007-01-31,Winner,27,0.105064907320351
2007-01-31,Loser,27,-0.015151848838730424
2007-01-31,Winner,28,0.11446668802719345
2007-01-31,Loser,28,-0.026792083982382486
2007-01-31,Winner,29,0.10478949506983477
2007-01-31,Loser,29,-0.033296348242785004
2007-01-31,Winner,30,0.1057991537771186
2007-01-31,Loser,30,-0.013033795196608067
2007-01-31,Winner,31,0.07358356562622265
2007-01-31,Loser,31,0.04734229746696221
2007-01-31,Winner,32,0.11556837433145922
2007-01-31,Loser,32,0.05239117533349642
2007-01-31,Winner,33,0.10219557533300501
2007-01-31,Loser,33,0.036523225662817176
2007-01-31,Winner,34,0.10838538703977765
2007-01-31,Loser,34,0.0407422496434233
2007-01-31,Winner,35,0.12653026974539253
2007-01-31,Loser,35,0.047492268258485223
2007-01-31,Winner,36,0.10948166773478879
2007-01-31,Loser,36,0.03468189569982219
2010-01-31,Winner,1,0.010770067190012878
2010-01-31,Loser,1,-0.020145953735152756
2010-01-31,Winner,2,0.014833665474557828
2010-01-31,Loser,2,0.011172776465149298
2010-01-31,Winner,3,0.02332551977117895
2010-01-31,Loser,3,0.0470571177581546
2010-01-31,Winner,4,0.01848814574347114
2010-01-31,Loser,4,0.030279246117867288
2010-01-31,Winner,5,0.018438619663150125
2010-01-31,Loser,5,0.0017557591792529258
2010-01-31,Winner,6,0.0417586201786938
2010-01-31,Loser,6,0.02846603294986787
2010-01-31,Winner,7,0.07118658965183154
2010-01-31,Loser,7,0.019520566588436795
2010-01-31,Winner,8,0.10514685003520204
2010-01-31,Loser,8,0.017843507867650033
2010-01-31,Winner,9,0.1186523938568069
2010-01-31,Loser,9,0.005029889993427754
2010-01-31,Winner,10,0.14300249168345314
2010-01-31,Loser,10,-0.01000488385245516
2010-01-31,Winner,11,0.1290375942651416
2010-01-31,Loser,11,0.016499715083918544
2010-01-31,Winner,12,0.12190613950136708
2010-01-31,Loser,12,0.03315181468742941
2010-01-31,Winner,13,0.1104611234639514
2010-01-31,Loser,13,0.03423493906237087
2010-01-31,Winner,14,0.12346109017875487
2010-01-31,Loser,14,0.018689729352581258
2010-01-31,Winner,15,0.12755918785340647
2010-01-31,Loser,15,0.009495978673841816
2010-01-31,Winner,16,0.14850066390072336
2010-01-31,Loser,16,0.004987702393028872
2010-01-31,Winner,17,0.14990931616941053
2010-01-31,Loser,17,-0.006615793657812149
2010-01-31,Winner,18,0.1792274318589438
2010-01-31,Loser,18,-0.018227263457205465
2010-01-31,Winner,19,0.17684773928842962
2010-01-31,Loser,19,-0.0570598489833893
2010-01-31,Winner,20,0.1362257046467682
2010-01-31,Loser,20,-0.07514229787736978
2010-01-31,Winner,21,0.13457361531441364
2010-01-31,Loser,21,-0.03886664627520019
2010-01-31,Winner,22,0.11279552398563113
2010-01-31,Loser,22,-0.031913480619078206
2010-01-31,Winner,23,0.09231180366621818
2010-01-31,Loser,23,-0.011656879050896133
2010-01-31,Winner,24,0.1656182514297056
2010-01-31,Loser,24,-0.0019670515093222173
2010-01-31,Winner,25,0.17310340043717537
2010-01-31,Loser,25,0.011736931184593286
2010-01-31,Winner,26,0.1602237330282174
2010-01-31,Loser,26,0.02509252084524356
2010-01-31,Winner,27,0.1715188840731508
2010-01-31,Loser,27,0.034619731802826736
2010-01-31,Winner,28,0.14657804864625232
2010-01-31,Loser,28,0.022224423967285717
2010-01-31,Winner,29,0.1479516361493997
2010-01-31,Loser,29,0.03802875635037493
2010-01-31,Winner,30,0.1428826429979539
2010-01-31,Loser,30,0.04219827629856026
2010-01-31,Winner,31,0.15439884134246779
2010-01-31,Loser,31,0.05614575825765589
2010-01-31,Winner,32,0.14631521960194463
2010-01-31,Loser,32,0.07498021481706475
2010-01-31,Winner,33,0.11190450550131277
2010-01-31,Loser,33,0.08804641994436906
2010-01-31,Winner,34,0.14031814224686287
2010-01-31,Loser,34,0.07033822341772417
2010-01-31,Winner,35,0.14559741973106194
2010-01-31,Loser,35,0.08206003196078014
2010-01-31,Winner,36,0.15570478213608768
2010-01-31,Loser,36,0.10216079368748895
2013-01-31,Winner,1,-0.019247736382395676
2013-01-31,Loser,1,-0.005744462334140574
2013-01-31,Winner,2,-0.0283975866579175
2013-01-31,Loser,2,0.016629863890713758
2013-01-31,Winner,3,-0.0300750219963712
2013-01-31,Loser,3,0.037155917210254054
2013-01-31,Winner,4,-0.005788322070976639
2013-01-31,Loser,4,0.06701988993160352
2013-01-31,Winner,5,-0.02910526870833038
2013-01-31,Loser,5,0.08028334460006002
2013-01-31,Winner,6,-0.02275105300808069
2013-01-31,Loser,6,0.06730812560926314
2013-01-31,Winner,7,-0.018485064775006665
2013-01-31,Loser,7,0.06797728578698282
2013-01-31,Winner,8,0.02181368269846709
2013-01-31,Loser,8,0.06272283926671059
2013-01-31,Winner,9,0.01821113461843733
2013-01-31,Loser,9,0.07058008880052784
2013-01-31,Winner,10,0.023080117205832112
2013-01-31,Loser,10,0.08134052044969306
2013-01-31,Winner,11,0.023546196436283987
2013-01-31,Loser,11,0.07011580445782827
2013-01-31,Winner,12,0.030871218062528624
2013-01-31,Loser,12,0.07392613508373862
2013-01-31,Winner,13,0.044188824402277255
2013-01-31,Loser,13,0.06598086996676565
2013-01-31,Winner,14,0.025189488630512253
2013-01-31,Loser,14,0.10301869424817936
2013-01-31,Winner,15,0.00796375993497881
2013-01-31,Loser,15,0.10914122057558401
2013-01-31,Winner,16,0.014357452339852684
2013-01-31,Loser,16,0.1001968476842404
2013-01-31,Winner,17,0.0057856582457273585
2013-01-31,Loser,17,0.1125932658150271
2013-01-31,Winner,18,0.009533167264884996
2013-01-31,Loser,18,0.10640193368962199
2013-01-31,Winner,19,0.01795043168588362
2013-01-31,Loser,19,0.11029340703132667
2013-01-31,Winner,20,0.01323592067207314
2013-01-31,Loser,20,0.11553432747165271
2013-01-31,Winner,21,0.017487529911544668
2013-01-31,Loser,21,0.08470880622345511
2013-01-31,Winner,22,0.020393251701276864
2013-01-31,Loser,22,0.07738842392515159
2013-01-31,Winner,23,0.022966926190785785
2013-01-31,Loser,23,0.08241365767173672
2013-01-31,Winner,24,0.03282957572356847
2013-01-31,Loser,24,0.07921172355671627
2013-01-31,Winner,25,0.049799049360882496
2013-01-31,Loser,25,0.08632871146489848
2013-01-31,Winner,26,0.052513976419558586
2013-01-31,Loser,26,0.06700622235347893
2013-01-31,Winner,27,0.07157755878685489
2013-01-31,Loser,27,0.08268229172663753
2013-01-31,Winner,28,0.07181817998509299
2013-01-31,Loser,28,0.07944488441037471
2013-01-31,Winner,29,0.0948484006275723
2013-01-31,Loser,29,0.056508119403180804
2013-01-31,Winner,30,0.10826979043358238
2013-01-31,Loser,30,0.032237798650479
2013-01-31,Winner,31,0.10034787281772843
2013-01-31,Loser,31,0.041294953321104805
2013-01-31,Winner,32,0.06985374164827246
2013-01-31,Loser,32,0.028822104915667307
2013-01-31,Winner,33,0.07437721816224145
2013-01-31,Loser,33,0.04010050575482062
2013-01-31,Winner,34,0.06351415737269114
2013-01-31,Loser,34,0.03857630401913306
2013-01-31,Winner,35,0.05471950671902941
2013-01-31,Loser,35,0.0442110229107977
2013-01-31,Winner,36,0.03692041202815993
2013-01-31,Loser,36,0.029606330248794655
2016-01-31,Winner,1,-0.011431287163314728
2016-01-31,Loser,1,0.03393406894226081
2016-01-31,Winner,2,-0.029756994526609827
2016-01-31,Loser,2,0.06348642003283152
2016-01-31,Winner,3,-0.04769271036943638
2016-01-31,Loser,3,0.11979108673707994
2016-01-31,Winner,4,-0.029453406217851936
2016-01-31,Loser,4,0.10984652893412641
2016-01-31,Winner,5,-0.03518128664323726
2016-01-31,Loser,5,0.10714898313413991
2016-01-31,Winner,6,-0.040049549812689725
2016-01-31,Loser,6,0.10581144934041584
2016-01-31,Winner,7,-0.05010477157709381
2016-01-31,Loser,7,0.11296606897469785
2016-01-31,Winner,8,-0.024344662607923045
2016-01-31,Loser,8,0.123404658421025
2016-01-31,Winner,9,-0.01534938097482184
2016-01-31,Loser,9,0.11466193719664154
2016-01-31,Winner,10,-0.039926680324840376
2016-01-31,Loser,10,0.16264303271172223
2016-01-31,Winner,11,-0.05172036453661441
2016-01-31,Loser,11,0.15042602495880014
2016-01-31,Winner,12,-0.019056724630189044
2016-01-31,Loser,12,0.15242964863666253
2016-01-31,Winner,13,-0.02486014698276619
2016-01-31,Loser,13,0.11440967259322722
2016-01-31,Winner,14,-0.03062061684696889
2016-01-31,Loser,14,0.11736828768272019
2016-01-31,Winner,15,-0.02034474559485814
2016-01-31,Loser,15,0.08724822597513217
2016-01-31,Winner,16,0.009290759412815923
2016-01-31,Loser,16,0.0420817430969131
2016-01-31,Winner,17,0.0031342214862220834
2016-01-31,Loser,17,0.048756356955994416
2016-01-31,Winner,18,0.013272951293917451
2016-01-31,Loser,18,0.06074888088360153
2016-01-31,Winner,19,0.033900825344151994
2016-01-31,Loser,19,0.03215862712018123
2016-01-31,Winner,20,0.01183134399271594
2016-01-31,Loser,20,0.05709471391717849
2016-01-31,Winner,21,0.02576638388339939
2016-01-31,Loser,21,0.03908032849179028
2016-01-31,Winner,22,0.02494665470589734
2016-01-31,Loser,22,0.05073626614474218
2016-01-31,Winner,23,0.02604452486707128
2016-01-31,Loser,23,0.09136275786178015
2016-01-31,Winner,24,0.04977054391714744
2016-01-31,Loser,24,0.08227505688597649
2016-01-31,Winner,25,0.08072953870786446
2016-01-31,Loser,25,0.0507258471939746
2016-01-31,Winner,26,0.08127062352618931
2016-01-31,Loser,26,0.053212607393847824
2016-01-31,Winner,27,0.08202503451587974
2016-01-31,Loser,27,0.07325030629148355
2016-01-31,Winner,28,0.12199330961399993
2016-01-31,Loser,28,0.0834111959601722
2016-01-31,Winner,29,0.1340651234273313
2016-01-31,Loser,29,0.07735402746034459
2016-01-31,Winner,30,0.1058158063056168
2016-01-31,Loser,30,0.07357911825512013
2016-01-31,Winner,31,0.1454420184226278
2016-01-31,Loser,31,0.047207469100964745
2016-01-31,Winner,32,0.1438320725635148
2016-01-31,Loser,32,0.05016530327964537
2016-01-31,Winner,33,0.1173680127953722
2016-01-31,Loser,33,0.03415443706044301
2016-01-31,Winner,34,0.09286863055148849
2016-01-31,Loser,34,0.015369378670570387
2016-01-31,Winner,35,0.102114096607922
2016-01-31,Loser,35,0.008406321583107994
2016-01-31,Winner,36,0.12037310996122234
2016-01-31,Loser,36,0.02290029310475542
2019-01-31,Winner,1,0.018349990615493476
2019-01-31,Loser,1,-0.01743533838497932
2019-01-31,Winner,2,0.027598780740581738
2019-01-31,Loser,2,-0.02003045097686016
2019-01-31,Winner,3,0.03692852179018853
2019-01-31,Loser,3,-0.03876015803620497
2019-01-31,Winner,4,0.01591359561653632
2019-01-31,Loser,4,-0.054225382333001095
2019-01-31,Winner,5,0.03356040746803556
2019-01-31,Loser,5,-0.05572077270974339
2019-01-31,Winner,6,0.017417402671011113
2019-01-31,Loser,6,-0.07136216017863448
2019-01-31,Winner,7,0.004718627716734813
2019-01-31,Loser,7,-0.10867811912866172
2019-01-31,Winner,8,-0.007484460224337326
2019-01-31,Loser,8,-0.08864749132986506
2019-01-31,Winner,9,0.00996796567232852
2019-01-31,Loser,9,-0.1153525199958723
2019-01-31,Winner,10,0.06674144046439602
2019-01-31,Loser,10,-0.12285233929798729
2019-01-31,Winner,11,0.06744832383829
2019-01-31,Loser,11,-0.10593412959107917
2019-01-31,Winner,12,0.08934122772887429
2019-01-31,Loser,12,-0.11802738855052523
2019-01-31,Winner,13,0.12113290358631415
2019-01-31,Loser,13,-0.12662283575776231
2019-01-31,Winner,14,0.13205746355090042
2019-01-31,Loser,14,-0.13330373692640163
2019-01-31,Winner,15,0.17495255606364674
2019-01-31,Loser,15,-0.11997051649383457
2019-01-31,Winner,16,0.2146659577589106
2019-01-31,Loser,16,-0.147286410511809
2019-01-31,Winner,17,0.2501251839634662
2019-01-31,Loser,17,-0.14712472623044387
2019-01-31,Winner,18,0.26665699463573067
2019-01-31,Loser,18,-0.16982423857388645
2019-01-31,Winner,19,0.2682939759856831
2019-01-31,Loser,19,-0.19492308579031536
2019-01-31,Winner,20,0.25712981080412095
2019-01-31,Loser,20,-0.22634854697471668
2019-01-31,Winner,21,0.2726089269961104
2019-01-31,Loser,21,-0.20633222044678323
2019-01-31,Winner,22,0.289789845908664
2019-01-31,Loser,22,-0.18467054481252967
2019-01-31,Winner,23,0.3216619472467555
2019-01-31,Loser,23,-0.19648954830631413
2019-01-31,Winner,24,0.3327707013893217
2019-01-31,Loser,24,-0.16793999643095434
2019-01-31,Winner,25,0.3257465599998868
2019-01-31,Loser,25,-0.17496042735693293
2019-01-31,Winner,26,0.29657081894010157
2019-01-31,Loser,26,-0.155607097098694
2019-01-31,Winner,27,0.30178012256305015
2019-01-31,Loser,27,-0.17904179754306151
2019-01-31,Winner,28,0.2834853711104666
2019-01-31,Loser,28,-0.15960805723940388
2019-01-31,Winner,29,0.34114331821493205
2019-01-31,Loser,29,-0.1717853574929341
2019-01-31,Winner,30,0.3581307758732378
2019-01-31,Loser,30,-0.20520049075480823
2019-01-31,Winner,31,0.3653411002632802
2019-01-31,Loser,31,-0.21554751299792152
2019-01-31,Winner,32,0.3591041016716523
2019-01-31,Loser,32,-0.18553873219989261
2019-01-31,Winner,33,0.39328551907192216
2019-01-31,Loser,33,-0.20469493910932415
2019-01-31,Winner,34,0.4047113682687798
2019-01-31,Loser,34,-0.20684065546414437
2019-01-31,Winner,35,0.36363898935666983
2019-01-31,Loser,35,-0.18873231029554857
2019-01-31,Winner,36,0.2978328977280364
2019-01-31,Loser,36,-0.12670143170405826
2022-01-31,Winner,1,0.00865536745902015
2022-01-31,Loser,1,0.01680287183742157
2022-01-31,Winner,2,-0.00857887117609566
2022-01-31,Loser,2,0.0027160033213571365
2022-01-31,Winner,3,-0.07659497782570736
2022-01-31,Loser,3,0.03467753987681049
2022-01-31,Winner,4,-0.06185330174726161
2022-01-31,Loser,4,0.04318830247812455
2022-01-31,Winner,5,-0.10277927778090835
2022-01-31,Loser,5,0.0244531413406992
2022-01-31,Winner,6,-0.008805137673607496
2022-01-31,Loser,6,-0.018131913594808854
2022-01-31,Winner,7,-0.02253457863619999
2022-01-31,Loser,7,-0.011546448539383193
2022-01-31,Winner,8,-0.0480722001942418
2022-01-31,Loser,8,-0.007366808399001073
2022-01-31,Winner,9,-0.07241710014248733
2022-01-31,Loser,9,0.006642630146538757
2022-01-31,Winner,10,-0.05898394612201371
2022-01-31,Loser,10,0.013152809547983523
2022-01-31,Winner,11,-0.09768250341430092
2022-01-31,Loser,11,0.01209630443424975
2022-01-31,Winner,12,-0.010390687358984048
2022-01-31,Loser,12,0.017637799547863802
2022-01-31,Winner,13,0.02225835881030327
2022-01-31,Loser,13,0.0009462990227706914
2022-01-31,Winner,14,0.0532970240736545
2022-01-31,Loser,14,-0.010366131947329653
2022-01-31,Winner,15,0.017477657537364303
2022-01-31,Loser,15,0.008806983864575424
2022-01-31,Winner,16,0.11538847056458212
2022-01-31,Loser,16,-0.018205270730611126
2022-01-31,Winner,17,0.15058346088386307
2022-01-31,Loser,17,-0.003162932771265369
2022-01-31,Winner,18,0.17778776318220899
2022-01-31,Loser,18,-0.022351337864924114
2022-01-31,Winner,19,0.16895185310838698
2022-01-31,Loser,19,-0.04355714425803725
2022-01-31,Winner,20,0.15496610103142724
2022-01-31,Loser,20,-0.05409743163770971
2022-01-31,Winner,21,0.1036089905058069
2022-01-31,Loser,21,-0.06287235898819145
2022-01-31,Winner,22,0.1536411855229075
2022-01-31,Loser,22,-0.07264856614281168
2022-01-31,Winner,23,0.1952972887500655
2022-01-31,Loser,23,-0.05216027339562037
2022-01-31,Winner,24,0.19622887901189878
2022-01-31,Loser,24,-0.06253247481284165
2022-01-31,Winner,25,0.25671375978556765
2022-01-31,Loser,25,-0.08958843552950474
2022-01-31,Winner,26,0.2700203132307795
2022-01-31,Loser,26,-0.09198477591181636
2022-01-31,Winner,27,0.26568757414664196
2022-01-31,Loser,27,-0.07725399831377792
2022-01-31,Winner,28,0.2773988538394993
2022-01-31,Loser,28,-0.08067187711141946
2022-01-31,Winner,29,0.29016835499511695
2022-01-31,Loser,29,-0.08465988586665751
2022-01-31,Winner,30,0.265397228635564
2022-01-31,Loser,30,-0.09132645805279392
2022-01-31,Winner,31,0.23330604501578248
2022-01-31,Loser,31,-0.09260474739866227
2022-01-31,Winner,32,0.23130948641212704
2022-01-31,Loser,32,-0.059537794981643154
2022-01-31,Winner,33,0.22647682409502332
2022-01-31,Loser,33,-0.04835448559128705
2022-01-31,Winner,34,0.23138181485156792
2022-01-31,Loser,34,-0.05498266361065535
2022-01-31,Winner,35,0.23630570536184567
2022-01-31,Loser,35,-0.045728270601714034
2022-01-31,Winner,36,0.23005457962819287
2022-01-31,Loser,36,-0.045340548976409274
